David McLaughin,/wiki/David_McLaughin
Kelly Torrence,/wiki/Kelly_Torrence
Julie Andrews,/wiki/Julie_AndrewsVanessa Angel,/wiki/Vanessa_AngelGabrielle Anwar,/wiki/Gabrielle_AnwarRichard Armitage,/wiki/Richard_Armitage_(actor)Gemma Arterton,/wiki/Gemma_ArtertonChristian Bale,/wiki/Christian_BaleMischa Barton,/wiki/Mischa_BartonMathew Baynton,/wiki/Mathew_BayntonTom Baker,/wiki/Tom_BakerBen Barnes,/wiki/Ben_Barnes_(actor)Sean Bean,/wiki/Sean_BeanKate Beckinsale,/wiki/Kate_BeckinsaleRichard Beckinsale,/wiki/Richard_BeckinsaleEliza Bennett,/wiki/Eliza_BennettRosalind Bennett,/wiki/Rosalind_BennettMartin Benson,/wiki/Martin_Benson_(actor)Steven Berkoff,/wiki/Steven_BerkoffBrian Blessed,/wiki/Brian_BlessedEmily Blunt,/wiki/Emily_BluntOrlando Bloom,/wiki/Orlando_BloomRichard Briers,/wiki/Richard_BriersKelly Brook,/wiki/Kelly_BrookKathy Burke,/wiki/Kathy_BurkeSaffron Burrows,/wiki/Saffron_BurrowsSebastian Cabot,/wiki/Sebastian_Cabot_(actor)Michael Caine,/wiki/Michael_CaineKim Cattrall,/wiki/Kim_CattrallHelena Bonham Carter,/wiki/Helena_Bonham_CarterSacha Baron Cohen,/wiki/Sacha_Baron_CohenJoan Collins,/wiki/Joan_CollinsDaniel Craig,/wiki/Daniel_CraigMichael Crawford,/wiki/Michael_CrawfordMackenzie Crook,/wiki/Mackenzie_CrookBenedict Cumberbatch,/wiki/Benedict_CumberbatchTom Hiddleston,/wiki/Tom_HiddlestonTim Curry,/wiki/Tim_CurryAnthony Dawson,/wiki/Anthony_DawsonDaniel Day-Lewis,/wiki/Daniel_Day-LewisRoger Delgado,/wiki/Roger_DelgadoJudi Dench,/wiki/Judi_DenchSarah Douglas,/wiki/Sarah_DouglasMinnie Driver,/wiki/Minnie_DriverChristopher Eccleston,/wiki/Christopher_EcclestonTamsin Egerton,/wiki/Tamsin_EgertonIdris Elba,/wiki/Idris_ElbaJennifer Ellison,/wiki/Jennifer_EllisonJennifer Ehle,/wiki/Jennifer_EhleAlice Eve,/wiki/Alice_EveRupert Everett,/wiki/Rupert_EverettCraig Fairbrass,/wiki/Craig_FairbrassTom Felton,/wiki/Tom_FeltonRalph Fiennes,/wiki/Ralph_FiennesColin Firth,/wiki/Colin_FirthDexter Fletcher,/wiki/Dexter_FletcherJamie Foreman,/wiki/Jamie_ForemanGeorge Formby,"/wiki/George_Formby,_Jr."Claire Forlani,/wiki/Claire_ForlaniAnna Friel,/wiki/Anna_FrielEmilia Fox,/wiki/Emilia_FoxJames Frain,/wiki/James_FrainMartin Freeman,/wiki/Martin_FreemanSadie Frost,/wiki/Sadie_FrostMichael Gambon,/wiki/Michael_GambonRomola Garai,/wiki/Romola_GaraiPatricia Garwood,/wiki/Patricia_GarwoodJohn Gielgud,/wiki/John_GielgudStephen Graham,/wiki/Stephen_Graham_(actor)Sienna Guillory,/wiki/Sienna_GuilloryCary Grant,/wiki/Cary_GrantHugh Grant,/wiki/Hugh_GrantLeslie Grantham,/wiki/Leslie_GranthamSydney Greenstreet,/wiki/Sydney_GreenstreetJohn Gregson,/wiki/John_GregsonRupert Grint,/wiki/Rupert_GrintAlec Guinness,/wiki/Alec_GuinnessBrian Hall,/wiki/Brian_Hall_(actor)Rebecca Hall,/wiki/Rebecca_HallDani Harmer,/wiki/Dani_HarmerRicci Harnett,/wiki/Ricci_HarnettFrank Harper,/wiki/Frank_HarperJack Hawkins,/wiki/Jack_HawkinsWill Hay,/wiki/Will_HayGeorgie Henley,/wiki/Georgie_HenleyAudrey Hepburn,/wiki/Audrey_HepburnWendy Hiller,/wiki/Wendy_HillerStanley Holloway,/wiki/Stanley_HollowayBob Hoskins,/wiki/Bob_HoskinsNicholas Hoult,/wiki/Nicholas_HoultLeslie Howard (actor),/wiki/Leslie_Howard_(actor)Annie Hulley,/wiki/Annie_HulleyElizabeth Hurley,/wiki/Elizabeth_HurleyJohn Hurt,/wiki/John_HurtJeremy Irons,/wiki/Jeremy_IronsTheo James,/wiki/Theo_JamesDavid Jason,/wiki/David_JasonAaron Johnson,/wiki/Aaron_Johnson_(actor)Boris Karloff,/wiki/Boris_KarloffToby Kebbell,/wiki/Toby_KebbellWilliam Kempe,/wiki/William_KempeSkandar Keynes,/wiki/Skandar_KeynesBen Kingsley,/wiki/Ben_KingsleyKeira Knightley,/wiki/Keira_KnightleyCharles Laughton,/wiki/Charles_LaughtonStan Laurel,/wiki/Stan_LaurelHugh Laurie,/wiki/Hugh_LaurieJude Law,/wiki/Jude_LawVivien Leigh,/wiki/Vivien_LeighJane Leeves,/wiki/Jane_LeevesJoanna Lumley,/wiki/Joanna_LumleyMargaret Lockwood,/wiki/Margaret_LockwoodRoy Marsden,/wiki/Roy_MarsdenAnna Massey,/wiki/Anna_MasseyMartine McCutcheon,/wiki/Martine_McCutcheonIan McKellen,/wiki/Ian_McKellenPatrick Macnee,/wiki/Patrick_MacneeWentworth Miller,/wiki/Wentworth_MillerSienna Miller,/wiki/Sienna_MillerHayley Mills,/wiki/Hayley_MillsJohn Mills,/wiki/John_MillsHelen Mirren,/wiki/Helen_MirrenGeorgia Moffett,/wiki/Georgia_MoffettDominic Monaghan,/wiki/Dominic_MonaghanRoger Moore,/wiki/Roger_MooreJoseph Morgan,/wiki/Joseph_Morgan_(actor)Samantha Morton,/wiki/Samantha_MortonNick Moran,/wiki/Nick_MoranKenneth More,/wiki/Kenneth_MoreWilliam Moseley,/wiki/William_Moseley_(actor)Billy Murray,/wiki/Billy_Murray_(actor)Carey Mulligan,/wiki/Carey_MulliganSophia Myles,/wiki/Sophia_MylesParminder Nagra,/wiki/Parminder_NagraAnthony Newley,/wiki/Anthony_NewleyBill Nighy,/wiki/Bill_NighyDavid Niven,/wiki/David_NivenMerle Oberon,/wiki/Merle_OberonSophie Okonedo,/wiki/Sophie_OkonedoGary Oldman,/wiki/Gary_OldmanLaurence Olivier,/wiki/Laurence_OlivierClive Owen,/wiki/Clive_OwenCecil Parker,/wiki/Cecil_ParkerDev Patel,/wiki/Dev_PatelRobert Pattinson,/wiki/Robert_PattinsonSimon Pegg,/wiki/Simon_PeggAlex Pettyfer,/wiki/Alex_PettyferRosamund Pike,/wiki/Rosamund_PikeBillie Piper,/wiki/Billie_PiperAnna Popplewell,/wiki/Anna_PopplewellDominic Purcell,/wiki/Dominic_PurcellDaniel Radcliffe,/wiki/Daniel_RadcliffeOliver Reed,/wiki/Oliver_ReedJoely Richardson,/wiki/Joely_RichardsonMiranda Richardson,/wiki/Miranda_RichardsonNatasha Richardson,/wiki/Natasha_RichardsonRalph Richardson,/wiki/Ralph_RichardsonAlan Rickman,/wiki/Alan_RickmanTim Roth,/wiki/Tim_RothMargaret Rutherford,/wiki/Margaret_RutherfordGeorge Sanders,/wiki/George_SandersPeter Sellers,/wiki/Peter_SellersJane Seymour,/wiki/Jane_SeymourRobert Shaw,/wiki/Robert_Shaw_(British_actor)Nicollette Sheridan,/wiki/Nicollette_SheridanMaggie Smith,/wiki/Maggie_SmithMatt Smith,/wiki/Matt_Smith_(actor)Terence Stamp,/wiki/Terence_StampPatrick Stewart,/wiki/Patrick_StewartRachel Stevens,/wiki/Rachel_StevensTilda Swinton,/wiki/Tilda_SwintonElizabeth Taylor,/wiki/Elizabeth_TaylorJuno Temple,/wiki/Juno_TempleEmma Thompson,/wiki/Emma_ThompsonKristin Scott Thomas,/wiki/Kristin_Scott_ThomasPatrick Troughton,/wiki/Patrick_TroughtonPeter Ustinov,/wiki/Peter_UstinovJulie Walters,/wiki/Julie_WaltersJack Warner,/wiki/Jack_Warner_(actor)Naomi Watts,/wiki/Naomi_WattsEmily Watson,/wiki/Emily_WatsonEmma Watson,/wiki/Emma_WatsonRachel Weisz,/wiki/Rachel_WeiszDominic West,/wiki/Dominic_WestEd Westwick,/wiki/Ed_WestwickRosie Huntington-Whiteley,/wiki/Rosie_Huntington-WhiteleyMichael Wilding,/wiki/Michael_Wilding_(actor)Tom Wilkinson,/wiki/Tom_WilkinsonKate Winslet,/wiki/Kate_WinsletRay Winstone,/wiki/Ray_WinstoneKatherine Woodville,/wiki/Katherine_Woodville_(actress)edit,/w/index.php?title=List_of_English_people&action=edit&section=2George Adamson,/wiki/George_AdamsonLeslie Alcock,/wiki/Leslie_AlcockMick Aston,/wiki/Mick_AstonRichard Atkinson,/wiki/Richard_J._C._AtkinsonEdward Russell Ayrton,/wiki/Edward_Russell_AyrtonChurchill Babington,/wiki/Churchill_BabingtonPhilip Arthur Barker,/wiki/Philip_Arthur_BarkerThomas Bateman,/wiki/Thomas_BatemanJames Theodore Bent,/wiki/James_Theodore_BentGeoffrey Bibby,/wiki/Geoffrey_BibbyHoward Carter,/wiki/Howard_Carter_(archaeologist)Grahame Clark,/wiki/John_Grahame_Douglas_ClarkDavid Clarke,/wiki/David_L._ClarkeBarry Cunliffe,/wiki/Barry_CunliffeGlyn Daniel,/wiki/Glyn_DanielJohn Disney,/wiki/John_Disney_(archaeologist)E. E. Evans-Pritchard,/wiki/E._E._Evans-PritchardCyril Fox,/wiki/Cyril_FoxDorothy Garrod,/wiki/Dorothy_GarrodWilliam Greenwell,/wiki/William_GreenwellPhil Harding,/wiki/Phil_Harding_(archaeologist)Kathleen Kenyon,/wiki/Kathleen_KenyonJohn Leland,/wiki/John_Leland_(antiquary)John Lubbock,"/wiki/John_Lubbock,_1st_Baron_Avebury"Francis Pryor,/wiki/Francis_PryorJohn Robert Mortimer,/wiki/John_Robert_MortimerColin Renfrew,/wiki/Colin_RenfrewAlice Roberts,/wiki/Alice_RobertsAndrew Sherratt,/wiki/Andrew_SherrattE.B. Tylor,/wiki/Edward_Burnett_TylorMortimer Wheeler,/wiki/Mortimer_Wheeleredit,/w/index.php?title=List_of_English_people&action=edit&section=3Hubert Austin,/wiki/Hubert_AustinCharles Barry,/wiki/Charles_BarryHouses of Parliament,/wiki/Houses_of_ParliamentGeorge Basevi,/wiki/George_BaseviWilliam Burges,/wiki/William_BurgesWilliam Butterfield,/wiki/William_ButterfieldGothic revival,/wiki/Gothic_revivalWilliam Chambers,/wiki/William_Chambers_(architect)Kew Gardens Pagoda,/wiki/Kew_Gardens#PagodaSomerset House,/wiki/Somerset_HouseJohn Douglas,/wiki/John_Douglas_(architect)Rowland Carter,/wiki/Rowland_CarterSir Norman Foster,"/wiki/Norman_Foster,_Baron_Foster_of_Thames_Bank"James Harrison,/wiki/James_Harrison_(architect)Thomas Harrison,/wiki/Thomas_Harrison_(architect)Nicholas Hawksmoor,/wiki/Nicholas_HawksmoorInigo Jones,/wiki/Inigo_JonesEdmund Kirby,/wiki/Edmund_KirbyDenys Lasdun,/wiki/Denys_LasdunThomas Lockwood,/wiki/Thomas_LockwoodEdwin Lutyens,/wiki/Edwin_LutyensWilliam Morris,/wiki/William_MorrisJohn Nash,/wiki/John_Nash_(architect)Regent's Park,/wiki/Regent%27s_ParkSt. James's Park,/wiki/St._James%27s_ParkTrafalgar Square,/wiki/Trafalgar_SquareHenry Paley,/wiki/Henry_PaleyJoseph Paxton,/wiki/Joseph_PaxtonThe Crystal Palace,/wiki/The_Crystal_PalaceThe Great Exhibition,/wiki/The_Great_ExhibitionThomas Mainwaring Penson,/wiki/Thomas_Mainwaring_PensonAugust Pugin,/wiki/August_PuginHouses of Parliament,/wiki/Houses_of_ParliamentAnthony Salvin,/wiki/Anthony_SalvinGiles Gilbert Scott,/wiki/Giles_Gilbert_ScottWaterloo Bridge,/wiki/Waterloo_BridgeHouse of Commons,/wiki/Houses_of_ParliamentEdmund Sharpe,/wiki/Edmund_SharpeJohn William Simpson,/wiki/John_William_Simpson_(architect)John Vanbrugh,/wiki/John_VanbrughBaroque,/wiki/BaroqueBlenheim Palace,/wiki/Blenheim_PalaceDerek Walker,/wiki/Derek_WalkerAlfred Waterhouse,/wiki/Alfred_WaterhouseNatural History Museum,"/wiki/Natural_History_Museum,_London"William Wilkins,/wiki/William_Wilkins_(architect)National Gallery,"/wiki/National_Gallery,_London"Christopher Wren,/wiki/Christopher_Wrenedit,/w/index.php?title=List_of_English_people&action=edit&section=4Sophie Gengembre Anderson,/wiki/Sophie_Gengembre_AndersonJames Andrews,/wiki/James_Andrews_(botanical_artist)Richard Ansdell,/wiki/Richard_AnsdellBanksy,/wiki/Banksygraffiti,/wiki/GraffitiAubrey Beardsley,/wiki/Aubrey_BeardsleySuzzan Blac,/wiki/Suzzan_BlacPeter Blake,/wiki/Peter_Blake_(artist)William Blake,/wiki/William_BlakeAlbin R. Burt,/wiki/Albin_R._BurtAnthony Caro,/wiki/Anthony_CaroAnna Maria Charretie,/wiki/Anna_Maria_CharretieJohn Constable,/wiki/John_ConstableTracey Emin,/wiki/Tracey_EminThomas Gainsborough,/wiki/Thomas_GainsboroughAndy Goldsworthy,/wiki/Andy_GoldsworthyLand Art,/wiki/Land_ArtAntony Gormley,/wiki/Antony_GormleyJames Henry Govier,/wiki/James_Henry_GovierSteven Harris (cartoonist),/wiki/Steven_Harris_(cartoonist)Thomas Hazlehurst,/wiki/Thomas_Hazlehurst_(artist)Barbara Hepworth,/wiki/Barbara_HepworthJamie Hewlett,/wiki/Jamie_HewlettNicholas Hilliard,/wiki/Nicholas_HilliardDamien Hirst,/wiki/Damien_HirstDavid Hockney,/wiki/David_HockneyHoward Hodgkin,/wiki/Howard_HodgkinWilliam Hogarth,/wiki/William_HogarthWilliam Holman Hunt,/wiki/William_Holman_HuntMaster Hugo,/wiki/Master_HugoEdwin Landseer,/wiki/Edwin_LandseerRichard Long,/wiki/Richard_Long_(artist)Chris Ofili,/wiki/Chris_OfiliJohn Everett Millais,/wiki/John_Everett_MillaisHenry Moore,/wiki/Henry_MooreWilliam Morris,/wiki/William_MorrisLawrence Mynott,/wiki/Lawrence_MynottGeorge Passmore,/wiki/Gilbert_%26_GeorgeGilbert & George,/wiki/Gilbert_%26_GeorgeJoshua Reynolds,/wiki/Joshua_ReynoldsDante Gabriel Rossetti,/wiki/Dante_Gabriel_RossettiBridget Riley,/wiki/Bridget_RileyStanley Spencer,/wiki/Stanley_SpencerGeorge Stubbs,/wiki/George_StubbsJoseph Mallord William Turner,/wiki/J.M.W._TurnerFlora Twort,/wiki/Flora_TwortMark Wallinger,/wiki/Mark_WallingerRachel Whiteread,/wiki/Rachel_WhitereadJoseph Wright of Derby,/wiki/Joseph_Wright_of_Derbyedit,/w/index.php?title=List_of_English_people&action=edit&section=5Michael Aspel,/wiki/Michael_AspelDavid Attenborough,/wiki/David_AttenboroughJeremy Clarkson,/wiki/Jeremy_ClarksonSimon Cowell,/wiki/Simon_CowellRay Mears,/wiki/Ray_Mears_(author)Patrick Moore,/wiki/Patrick_MooreMichael Parkinson,/wiki/Michael_ParkinsonParkinson,/wiki/Parkinson_(TV_series)John Peel,/wiki/John_PeelJonathan Ross,/wiki/Jonathan_RossJimmy Savile,/wiki/Jimmy_SavileMike Smith,/wiki/Mike_Smith_(television_presenter)edit,/w/index.php?title=List_of_English_people&action=edit&section=6Richard Branson,/wiki/Richard_BransonSir John Brunner,"/wiki/Sir_John_Brunner,_1st_Baronet"Frank Bustard,/wiki/Frank_BustardJoseph Crosfield,/wiki/Joseph_CrosfieldAbraham Darby,/wiki/Abraham_Darby_IWilliam Gossage,/wiki/William_GossagePhilip Green,/wiki/Philip_Green"James Hanson, Baron Hanson","/wiki/James_Hanson,_Baron_Hanson"Thomas Hazlehurst,/wiki/Thomas_Hazlehurst_(businessman)Robert Spear Hudson,/wiki/Robert_Spear_Hudson_(businessman)John Hutchinson,/wiki/John_Hutchinson_(industrialist)Peter Jones,/wiki/Peter_Jones_(entrepreneur)Freddie Laker,/wiki/Freddie_LakerWilliam Losh,/wiki/William_LoshAlfred Mond,"/wiki/Alfred_Mond,_1st_Baron_Melchett"Henry Mond,"/wiki/Henry_Mond,_2nd_Baron_Melchett"Julian Mond,"/wiki/Julian_Edward_Alfred_Mond,_3rd_Baron_Melchett"Stephan Morais,/wiki/Stephan_Morais"William Morris, 1st Viscount Nuffield","/wiki/William_Morris,_1st_Viscount_Nuffield"Edmund Knowles Muspratt,/wiki/Edmund_Knowles_MusprattRichard Muspratt,/wiki/Richard_MusprattCharles Roe,/wiki/Charles_RoeTitus Salt,/wiki/Titus_SaltIvan Stedeford,/wiki/Ivan_StedefordAlan Sugar,/wiki/Alan_SugarRichard Tompkins,/wiki/Richard_TompkinsJosiah Wedgwood,/wiki/Josiah_Wedgwoodedit,/w/index.php?title=List_of_English_people&action=edit&section=7Robert Irvine,/wiki/Robert_IrvineHeston Blumenthal,/wiki/Heston_BlumenthalKeith Floyd,/wiki/Keith_FloydNigella Lawson,/wiki/Nigella_LawsonJames Martin,/wiki/James_Martin_(chef)Jamie Oliver,/wiki/Jamie_OliverMarco Pierre White,/wiki/Marco_Pierre_WhiteGordon Ramsay,/wiki/Gordon_RamsayDelia Smith,/wiki/Delia_SmithRick Stein,/wiki/Rick_SteinAntony Worrall Thompson,/wiki/Antony_Worrall_Thompsonedit,/w/index.php?title=List_of_English_people&action=edit&section=8Pope Adrian IV,/wiki/Pope_Adrian_IVThomas Arundel,/wiki/Thomas_ArundelRichard Bancroft,/wiki/Richard_BancroftRichard Barnes,/wiki/Richard_Barnes_(bishop)Lawrence Booth,/wiki/Lawrence_BoothWilliam Charles Cotton,/wiki/William_Charles_CottonThomas Cranmer,/wiki/Thomas_CranmerGildas,/wiki/GildasTrevor Huddleston,/wiki/Trevor_Huddlestonanti-Apartheid,/wiki/Anti-Apartheid_MovementJohn Leland,/wiki/John_Leland_(Presbyterian)John Henry Newman,/wiki/John_Henry_NewmanPlegmund,/wiki/PlegmundWilliam Smyth,/wiki/William_SmythCharles Spurgeon,/wiki/Charles_SpurgeonSimon Sudbury,/wiki/Simon_SudburyJoshua Toulmin,/wiki/Joshua_ToulminJohn Wesley,/wiki/John_Wesleyedit,/w/index.php?title=List_of_English_people&action=edit&section=9Myra Hindley,/wiki/Myra_HindleyMoors murderer,/wiki/Moors_murdersIan Huntley,/wiki/Ian_HuntleySoham murderer,/wiki/Soham_murdersKray twins,/wiki/Kray_twinsJimmy Moody,/wiki/Jimmy_MoodyHarold Shipman,/wiki/Harold_Shipman[1],#cite_note-1Peter Sutcliffe,/wiki/Peter_SutcliffeFred West,/wiki/Fred_WestRosemary West,/wiki/Rosemary_WestSteve Wright,/wiki/Steve_Wright_(serial_killer)Graham Young,/wiki/Graham_Youngedit,/w/index.php?title=List_of_English_people&action=edit&section=10Guy Fawkes,/wiki/Guy_Fawkesedit,/w/index.php?title=List_of_English_people&action=edit&section=11R. G. D. Allen,/wiki/R._G._D._AllenNorman Angell,/wiki/Norman_AngellWilliam Beveridge,/wiki/William_BeveridgeEdwin Cannan,/wiki/Edwin_CannanColin Clark,/wiki/Colin_Clark_(economist)Ronald Coase,/wiki/Ronald_CoaseFriedrich Hayek,/wiki/Friedrich_HayekJohn Hicks,/wiki/John_HicksJohn Holland (banker),/wiki/John_Holland_(banker)Bank of Scotland,/wiki/Bank_of_ScotlandWilliam Stanley Jevons,/wiki/William_Stanley_JevonsJohn Maynard Keynes,/wiki/John_Maynard_KeynesJohn Neville Keynes,/wiki/John_Neville_KeynesArthur Lewis,/wiki/Arthur_Lewis_(economist)Thomas Malthus,/wiki/Thomas_MalthusAlfred Marshall,/wiki/Alfred_MarshallMary Paley Marshall,/wiki/Mary_Paley_MarshallJames Meade,/wiki/James_MeadeJohn Stuart Mill,/wiki/John_Stuart_MillArthur Cecil Pigou,/wiki/Arthur_Cecil_PigouLionel Robbins,/wiki/Lionel_RobbinsJoan Violet Robinson,/wiki/Joan_Violet_RobinsonRichard Stone,/wiki/Richard_StoneRobert Torrens,/wiki/Robert_Torrens_(economist)Philip Wicksteed,/wiki/Philip_Wicksteededit,/w/index.php?title=List_of_English_people&action=edit&section=12Benjamin Baker,/wiki/Benjamin_Baker_(engineer)Forth Railway Bridge,/wiki/Forth_Railway_BridgeWilliam Baker,/wiki/William_Baker_(engineer)Joseph Bazalgette,/wiki/Joseph_BazalgetteJames Beatty,/wiki/James_Beatty_(engineer)Henry Bessemer,/wiki/Henry_BessemerRonald Eric Bishop,/wiki/Ronald_Eric_Bishopde Havilland Mosquito,/wiki/De_Havilland_MosquitoJames Brindley,/wiki/James_BrindleyIsambard Kingdom Brunel,/wiki/Isambard_Kingdom_BrunelSydney Camm,/wiki/Sydney_CammDonald Campbell,/wiki/Donald_Campbell_(engineer)Edmund Dummer (naval engineer),/wiki/Edmund_Dummer_(naval_engineer)William Tierney Clark,/wiki/William_Tierney_ClarkGeoffrey de Havilland,/wiki/Geoffrey_de_HavillandJohn Ambrose Fleming,/wiki/John_Ambrose_FlemingTommy Flowers,/wiki/Tommy_Flowers"Sir John Fowler, 1st Baronet","/wiki/Sir_John_Fowler,_1st_Baronet"Forth Railway Bridge,/wiki/Forth_Railway_BridgeBenjamin Hick,/wiki/Benjamin_HickJohn Hick,/wiki/John_Hick_(MP)Eric Laithwaite,/wiki/Eric_LaithwaiteWilliam Mackenzie,/wiki/William_Mackenzie_(contractor)R.J. Mitchell,/wiki/R.J._MitchellHenry Royce,/wiki/Henry_RoyceGeorge Stephenson,/wiki/George_StephensonNevil Shute,/wiki/Nevil_ShuteThomas Telford,/wiki/Thomas_TelfordCharles Todd (meteorologist),/wiki/Charles_Todd_(meteorologist)Barnes Wallis,/wiki/Barnes_WallisJohn Webster,/wiki/John_Webster_(engineer)Joseph Whitworth,/wiki/Joseph_Whitworthedit,/w/index.php?title=List_of_English_people&action=edit&section=13Gertrude Bell,/wiki/Gertrude_BellThomas Cavendish,/wiki/Thomas_CavendishSea Dogs,/wiki/Sea_DogsJames Cook,/wiki/James_CookWilliam Dampier,/wiki/William_DampierCharles Montagu Doughty,/wiki/Charles_Montagu_DoughtyFrancis Drake,/wiki/Francis_DrakeJohn Davis (English explorer),/wiki/John_Davis_(English_explorer)Ranulph Fiennes,/wiki/Ranulph_FiennesGuinness Book of Records,/wiki/Guinness_Book_of_RecordsMartin Frobisher,/wiki/Martin_FrobisherSea Dogs,/wiki/Sea_DogsRob Gauntlett,/wiki/Rob_GauntlettEverest,/wiki/EverestRobin Knox-Johnston,/wiki/Robin_Knox-JohnstonMichael Palin,/wiki/Michael_PalinWalter Raleigh,/wiki/Walter_RaleighRobert Falcon Scott,/wiki/Robert_Falcon_ScottEd Stafford,/wiki/Ed_StaffordAmazon River,/wiki/Amazon_RiverFreya Stark,/wiki/Freya_StarkWilfred Thesiger,/wiki/Wilfred_Thesigeredit,/w/index.php?title=List_of_English_people&action=edit&section=14Richard Attenborough,/wiki/Richard_AttenboroughJohn Boorman,/wiki/John_BoormanJohn and Roy Boulting,/wiki/John_and_Roy_BoultingCharlie Chaplin,/wiki/Charlie_ChaplinAlan Clarke,/wiki/Alan_ClarkeMike Figgis,/wiki/Mike_FiggisLewis Gilbert,/wiki/Lewis_GilbertDavid Hare,/wiki/David_Hare_(dramatist)Alfred Hitchcock,/wiki/Alfred_HitchcockPeter Howitt,/wiki/Peter_HowittHumphrey Jennings,/wiki/Humphrey_JenningsStan Laurel,/wiki/Stan_LaurelDavid Lean,/wiki/David_LeanMike Leigh,/wiki/Mike_LeighKen Loach,/wiki/Ken_LoachNick Love,/wiki/Nick_LoveAnthony Minghella,/wiki/Anthony_MinghellaMike Newell,/wiki/Mike_Newell_(director)Christopher Nolan,/wiki/Christopher_NolanNick Park,/wiki/Nick_ParkMichael Powell,/wiki/Michael_Powell_(director)Guy Ritchie,/wiki/Guy_RitchieKen Russell,/wiki/Ken_RussellRidley Scott,/wiki/Ridley_ScottTony Scott,/wiki/Tony_Scottedit,/w/index.php?title=List_of_English_people&action=edit&section=15William Camden,/wiki/William_CamdenEdward Gibbon,/wiki/Edward_GibbonRichard Holmes (military historian),/wiki/Richard_Holmes_(military_historian)Sir Peter Leycester,"/wiki/Sir_Peter_Leycester,_1st_Baronet"George Ormerod,/wiki/George_OrmerodNicholas Rodger,/wiki/Nicholas_RodgerJohn Speed,/wiki/John_SpeedA.J.P. Taylor,/wiki/A.J.P._Tayloredit,/w/index.php?title=List_of_English_people&action=edit&section=16Chris Addison,/wiki/Chris_AddisonChesney Allen,/wiki/Chesney_AllenStephen K. Amos,/wiki/Stephen_K._AmosRowan Atkinson,/wiki/Rowan_AtkinsonRichard Ayoade,/wiki/Richard_AyoadeRonnie Barker,/wiki/Ronnie_BarkerSacha Baron Cohen,/wiki/Sacha_Baron_CohenJulian Barratt,/wiki/Julian_BarrattMatt Berry,/wiki/Matt_BerryJohn Bird,/wiki/John_Bird_(actor)Jo Brand,/wiki/Jo_BrandCharlie Brooker,/wiki/Charlie_BrookerAdam Buxton,/wiki/Adam_BuxtonRoy 'Chubby' Brown,/wiki/Roy_%27Chubby%27_BrownAlan Carr,/wiki/Alan_CarrJimmy Carr,/wiki/Jimmy_CarrJasper Carrott,/wiki/Jasper_CarrottGraham Chapman,/wiki/Graham_ChapmanJohn Cleese,/wiki/John_CleeseSteve Coogan,/wiki/Steve_CooganPeter Cook,/wiki/Peter_CookTommy Cooper,/wiki/Tommy_CooperBarry Cryer,/wiki/Barry_CryerJon Culshaw,/wiki/Jon_CulshawJim Davidson,/wiki/Jim_DavidsonLes Dawson,/wiki/Les_DawsonAngus Deayton,/wiki/Angus_DeaytonHugh Dennis,/wiki/Hugh_DennisKen Dodd,/wiki/Ken_DoddAde Edmondson,/wiki/Ade_EdmondsonJo Enright,/wiki/Jo_EnrightLee Evans,/wiki/Lee_Evans_(comedian)Noel Fielding,/wiki/Noel_FieldingBud Flanagan,/wiki/Bud_FlanaganJohn Fortune,/wiki/John_FortuneDawn French,/wiki/Dawn_FrenchStephen Fry,/wiki/Stephen_FryRicky Gervais,/wiki/Ricky_GervaisDave Gorman,/wiki/Dave_GormanTony Hancock,/wiki/Tony_HancockJeremy Hardy,/wiki/Jeremy_HardyMiranda Hart,/wiki/Miranda_HartRichard Herring,/wiki/Richard_HerringLenny Henry,/wiki/Lenny_HenryMatthew Holness,/wiki/Matthew_HolnessRussell Howard,/wiki/Russell_HowardLee Hurst,/wiki/Lee_Hurst_(comedian)Eric Idle,/wiki/Eric_IdleRobin Ince,/wiki/Robin_InceEddie Izzard,/wiki/Eddie_IzzardJethro,/wiki/Jethro_(comedian)Russell Kane,/wiki/Russell_KanePeter Kay,/wiki/Peter_KayHugh Laurie,/wiki/Hugh_LaurieStewart Lee,/wiki/Stewart_LeeAlice Lowe,/wiki/Alice_LoweMatt Lucas,/wiki/Matt_LucasLee Mack,/wiki/Lee_MackBernard Manning,/wiki/Bernard_ManningRik Mayall,/wiki/Rik_MayallAlistair McGowan,/wiki/Alistair_McGowanRory McGrath,/wiki/Rory_McGrathPaddy McGuinness,/wiki/Paddy_McGuinnessStephen Merchant,/wiki/Stephen_MerchantPaul Merton,/wiki/Paul_MertonSarah Millican,/wiki/Sarah_MillicanDavid Mitchell,/wiki/David_Mitchell_(comedian)Bob Monkhouse,/wiki/Bob_MonkhouseEric Morecambe,/wiki/Eric_MorecambeChris Morris,/wiki/Chris_Morris_(satirist)Bob Mortimer,/wiki/Bob_MortimerFrank Muir,/wiki/Frank_MuirAl Murray,/wiki/Al_MurrayDenis Norden,/wiki/Denis_NordenJohn Oliver,/wiki/John_Oliver_(entertainer)Michael Palin,/wiki/Michael_PalinAndy Parsons,/wiki/Andy_ParsonsSue Perkins,/wiki/Sue_PerkinsLucy Porter,/wiki/Lucy_PorterJan Ravens,/wiki/Jan_RavensVic Reeves,/wiki/Vic_ReevesMike Reid,/wiki/Mike_Reid_(actor)Jennifer Saunders,/wiki/Jennifer_SaundersPeter Sellers,/wiki/Peter_SellersFrank Skinner,/wiki/Frank_SkinnerArthur Smith,/wiki/Arthur_Smith_(comedian)Freddie Starr,/wiki/Freddie_StarrTracey Ullman,/wiki/Tracey_UllmanTim Vine,/wiki/Tim_VineDavid Walliams,/wiki/David_WalliamsHolly Walsh,/wiki/Holly_WalshRobert Webb,/wiki/Robert_Webb_(actor)Jack Whitehall,/wiki/Jack_WhitehallNorman Wisdom,/wiki/Norman_WisdomErnie Wise,/wiki/Ernie_Wiseedit,/w/index.php?title=List_of_English_people&action=edit&section=17List of English inventions and discoveries,/wiki/List_of_English_inventions_and_discoveriesRichard Arkwright,/wiki/Richard_ArkwrightTimothy Berners-Lee,/wiki/Timothy_Berners-LeeWorld Wide Web,/wiki/World_Wide_WebHenry Bessemer,/wiki/Henry_BessemerBessemer Process,/wiki/Bessemer_ProcessHubert Cecil Booth,/wiki/Hubert_Cecil_Boothvacuum cleaner,/wiki/Vacuum_cleanerJoseph Bramah,/wiki/Joseph_Bramahhydraulic press,/wiki/Hydraulic_pressHenry Cavendish,/wiki/Henry_CavendishChristopher Cockerell,/wiki/Christopher_Cockerellhovercraft,/wiki/HovercraftWilliam Congreve,/wiki/William_Congreve_(inventor)rocketry,/wiki/RocketHenry Croft,/wiki/Henry_CroftIndustrial Revolution,/wiki/Industrial_RevolutionAbraham Darby,/wiki/Abraham_Darby_IJames Dyson,/wiki/James_DysonBenjamin Huntsman,/wiki/Benjamin_HuntsmanJames Hargreaves,/wiki/James_HargreavesSir John Harington,/wiki/John_Harington_(writer)water closet,/wiki/Water_closetJohn Harrison,/wiki/John_HarrisonRowland Hill,/wiki/Rowland_Hill_(postal_reformer)Archibald Low,/wiki/Archibald_LowThomas Newcomen,/wiki/Thomas_NewcomenIsaac Newton,/wiki/Isaac_Newtonphysics,/wiki/Physicsreflector telescope,/wiki/Reflector_telescopeJames Starley,/wiki/James_StarleyGeorge Stephenson,/wiki/George_StephensonJoseph Wilson Swan,/wiki/Joseph_Wilson_SwanCharles Wheatstone,/wiki/Charles_WheatstoneFrank Whittle,/wiki/Frank_Whittlejet engine,/wiki/Jet_engineJoseph Whitworth,/wiki/Joseph_Whitworthedit,/w/index.php?title=List_of_English_people&action=edit&section=18Mark Austin,/wiki/Mark_Austin_(journalist)Reginald Bosanquet,/wiki/Reginald_BosanquetMichael Buerk,/wiki/Michael_BuerkAlastair Burnet,/wiki/Alastair_BurnetEdward Chattaway,/wiki/Edward_ChattawayThe Star,/wiki/The_Star_(London)Jill Dando,/wiki/Jill_DandoRobin Day,/wiki/Robin_DayKatie Derham,/wiki/Katie_DerhamPeter Donaldson,/wiki/Peter_DonaldsonJulie Etchingham,/wiki/Julie_EtchinghamAnna Ford,/wiki/Anna_FordAndrew Gardner,/wiki/Andrew_Gardner_(newsreader)Krishnan Guru-Murthy,/wiki/Krishnan_Guru-MurthyNina Hossain,/wiki/Nina_HossainNatasha Kaplinsky,/wiki/Natasha_KaplinskyMary Nightingale,/wiki/Mary_NightingaleJeremy Paxman,/wiki/Jeremy_PaxmanSophie Raworth,/wiki/Sophie_RaworthAngela Rippon,/wiki/Angela_RipponPeter Sissons,/wiki/Peter_SissonsJon Snow,/wiki/Jon_SnowAlastair Stewart,/wiki/Alastair_StewartMoira Stuart,/wiki/Moira_Stuartedit,/w/index.php?title=List_of_English_people&action=edit&section=19List of English Victoria Cross recipients,/wiki/List_of_English_Victoria_Cross_recipientsJohn Adams (mutineer),/wiki/John_Adams_(mutineer)"Harold Alexander, 1st Earl Alexander of Tunis","/wiki/Harold_Alexander,_1st_Earl_Alexander_of_Tunis""Jeffrey Amherst, 1st Baron Amherst of Montreal","/wiki/Jeffrey_Amherst,_1st_Baron_Amherst_of_Montreal""George Anson, 1st Baron Anson","/wiki/George_Anson,_1st_Baron_Anson"Claude Auchinleck,/wiki/Claude_AuchinleckReginald Bacon,/wiki/Reginald_BaconRobert Baden-Powell,/wiki/Robert_Baden-PowellDouglas Bader,/wiki/Douglas_BaderRalph Bagnold,/wiki/Ralph_Alger_BagnoldAlexander John Ball,/wiki/Alexander_BallMalta,/wiki/MaltaJohn Benbow,/wiki/John_Benbow"George Charles Bingham, 3rd Earl of Lucan","/wiki/George_Charles_Bingham,_3rd_Earl_of_Lucan"Battle of Balaclava,/wiki/Battle_of_Balaclava"William Riddell Birdwood, 1st Baron Birdwood","/wiki/William_Riddell_Birdwood,_1st_Baron_Birdwood"Second World War,/wiki/Second_World_WarRobert Blake,/wiki/Admiral_Robert_BlakeRoyal Navy,/wiki/Royal_NavyWilliam Bligh,/wiki/William_Bligh"Sir John Borlase Warren, 1st Baronet","/wiki/Sir_John_Borlase_Warren,_1st_Baronet"Philip Broke,/wiki/Philip_Broke"James Thomas Brudenell, 7th Earl of Cardigan","/wiki/James_Thomas_Brudenell,_7th_Earl_of_Cardigan"Light Brigade,/wiki/Light_cavalryRichard Francis Burton,/wiki/Richard_Francis_BurtonFreddie Spencer Chapman,/wiki/Freddie_Spencer_ChapmanLeonard Cheshire,/wiki/Leonard_Cheshire"John Churchill, 1st Duke of Marlborough","/wiki/John_Churchill,_1st_Duke_of_Marlborough"Winston Churchill,/wiki/Winston_Churchillprime minister,/wiki/Prime_ministerCharles Clerke,/wiki/Charles_ClerkeJames Cook,/wiki/James_Cook"Sir George Cockburn, 10th Baronet","/wiki/Sir_George_Cockburn,_10th_Baronet"John Cooke (Royal Navy officer),/wiki/John_Cooke_(Royal_Navy_officer)HMS Bellerophon,/wiki/HMS_BellerophonBattle of Trafalgar,/wiki/Battle_of_TrafalgarCuthbert Collingwood,/wiki/Cuthbert_Collingwood"Charles Cornwallis, 1st Marquess Cornwallis","/wiki/Charles_Cornwallis,_1st_Marquess_Cornwallis"Henry Seymour Conway,/wiki/Henry_Seymour_ConwayOliver Cromwell,/wiki/Oliver_CromwellLord Protector,/wiki/Lord_Protector"Simon de Montfort, 6th Earl of Leicester","/wiki/Simon_de_Montfort,_6th_Earl_of_Leicester"Miles Dempsey,/wiki/Miles_DempseyFrancis Drake,/wiki/Francis_DrakeSir John Duckworth,/wiki/Sir_John_DuckworthBruce Fraser,"/wiki/Bruce_Fraser,_1st_Baron_Fraser_of_North_Cape""Prince Frederick, Duke of York","/wiki/Prince_Frederick,_Duke_of_York"George III,/wiki/George_III_of_the_United_KingdomCommander-in-Chief of the Forces,/wiki/Commander-in-Chief_of_the_ForcesFrench Revolutionary,/wiki/French_RevolutionNapoleonic Wars,/wiki/Napoleonic_Wars"John French, 1st Earl of Ypres","/wiki/John_French,_1st_Earl_of_Ypres"Lord Lieutenant of Ireland,/wiki/Lord_Lieutenant_of_Ireland"Prince George, Duke of Cambridge","/wiki/Prince_George,_Duke_of_Cambridge"Commander-in-Chief of the Forces,/wiki/Commander-in-Chief_of_the_ForcesCharles George Gordon,/wiki/Charles_George_GordonKhartoum,/wiki/Khartoum"Sir Thomas Hardy, 1st Baronet","/wiki/Sir_Thomas_Hardy,_1st_Baronet"HMS Victory,/wiki/HMS_VictoryBattle of Trafalgar,/wiki/Battle_of_TrafalgarArthur Travers Harris,/wiki/Arthur_Travers_HarrisMarshal of the Royal Air Force,/wiki/Marshal_of_the_Royal_Air_ForceEdward Hawke,/wiki/Edward_HawkeJohn Hawkwood,/wiki/John_HawkwoodEliab Harvey,/wiki/Eliab_HarveyHMS Temeraire,/wiki/HMS_TemeraireBattle of Trafalgar,/wiki/Battle_of_Trafalgar"Samuel Hood, 1st Viscount Hood","/wiki/Samuel_Hood,_1st_Viscount_Hood"Brian Horrocks,/wiki/Brian_HorrocksWilliam Hoste,/wiki/William_HosteJohn Howard (British Army officer),/wiki/John_Howard_(British_Army_officer)Pegasus Bridge,/wiki/Pegasus_BridgeOperation Deadstick,/wiki/Operation_Deadstick"Richard Howe, 1st Earl Howe","/wiki/Richard_Howe,_1st_Earl_Howe""William Howe, 5th Viscount Howe","/wiki/William_Howe,_5th_Viscount_Howe"American Revolutionary War,/wiki/American_Revolutionary_War"John Jellicoe, 1st Earl Jellicoe","/wiki/John_Jellicoe,_1st_Earl_Jellicoe""Roger Keyes, 1st Baron Keyes","/wiki/Roger_Keyes,_1st_Baron_Keyes""Horatio Kitchener, 1st Earl Kitchener of Khartoum","/wiki/Horatio_Kitchener,_1st_Earl_Kitchener_of_Khartoum"Lofty Large,/wiki/Lofty_Large"John Ligonier, 1st Earl Ligonier","/wiki/John_Ligonier,_1st_Earl_Ligonier"Trafford Leigh Mallory,/wiki/Trafford_Leigh_Mallory"John Manners, Marquess of Granby","/wiki/John_Manners,_Marquess_of_Granby"William McMurdo,/wiki/William_McMurdoAndy McNab,/wiki/Andy_McNabSpecial Air Service,/wiki/Special_Air_ServiceBravo Two Zero,/wiki/Bravo_Two_ZeroGulf War,/wiki/Gulf_WarSamuel Mitchell (VC),/wiki/Samuel_Mitchell_(VC)"George Monck, 1st Duke of Albemarle","/wiki/George_Monck,_1st_Duke_of_Albemarle""Bernard Law Montgomery, 1st Viscount Montgomery of Alamein","/wiki/Bernard_Law_Montgomery,_1st_Viscount_Montgomery_of_Alamein""Louis Mountbatten, 1st Earl Mountbatten of Burma","/wiki/Louis_Mountbatten,_1st_Earl_Mountbatten_of_Burma""Horatio Nelson, 1st Viscount Nelson of the Nile",/wiki/Horatio_NelsonJohn Norreys,/wiki/John_NorreysAugustus Charles Newman,/wiki/Augustus_Charles_Newman"Henry William Paget, 1st Marquess of Anglesey","/wiki/Henry_William_Paget,_1st_Marquess_of_Anglesey"Napoleonic Wars,/wiki/Napoleonic_WarsBasil Charles Godfrey Place,/wiki/Basil_Charles_Godfrey_PlaceSir William Parker,/wiki/Sir_William_ParkerArthur Phillip,/wiki/Arthur_PhillipFirst Fleetinto,/wiki/First_FleetDudley Pound,/wiki/Dudley_PoundBertram Ramsay,/wiki/Bertram_RamsayBernard Rawlings,/wiki/Bernard_Rawlings_(Royal_Navy_officer)"Frederick Roberts, 1st Earl Roberts of Kandahar","/wiki/Frederick_Roberts,_1st_Earl_Roberts_of_Kandahar"Commander-in-Chief of the Forces,/wiki/Commander-in-Chief_of_the_Forces"Sir William Robertson, 1st Baronet","/wiki/Sir_William_Robertson,_1st_Baronet""Frederick John Robinson, 1st Viscount Goderich","/wiki/Frederick_John_Robinson,_1st_Viscount_Goderich"Chris Ryan,/wiki/Chris_RyanSiegfried Sassoon,/wiki/Siegfried_SassoonCharles Saunders (Royal Navy officer),/wiki/Charles_Saunders_(Royal_Navy_officer)"William Slim, 1st Viscount Slim","/wiki/William_Slim,_1st_Viscount_Slim"Governor-General,/wiki/Governor-GeneralSir Sidney Smith,/wiki/Sir_Sidney_SmithHorace Smith-Dorrien,/wiki/Horace_Smith-Dorrien"Fitzroy Somerset, 1st Baron Raglan","/wiki/Fitzroy_Somerset,_1st_Baron_Raglan"James Somerville,/wiki/James_SomervilleBill Speakman,/wiki/Bill_SpeakmanVC,/wiki/Victoria_CrossRichard Strachan,/wiki/Richard_StrachanHenry Tandey,/wiki/Henry_TandeyJames Brian Tait,/wiki/James_Brian_Tait"Hugh Trenchard, 1st Viscount Trenchard","/wiki/Hugh_Trenchard,_1st_Viscount_Trenchard"Chief of the Air Staff,/wiki/Chief_of_the_Air_Staff_(United_Kingdom)"Sir Thomas Troubridge, 1st Baronet","/wiki/Sir_Thomas_Troubridge,_1st_Baronet"Reginald Tyrwhitt,/wiki/Reginald_TyrwhittHarwich Force,/wiki/Harwich_ForceGeorge Vancouver,/wiki/George_VancouverPhilip Vian,/wiki/Philip_Vian"Archibald Percival Wavell, 1st Earl Wavell","/wiki/Archibald_Percival_Wavell,_1st_Earl_Wavell"Viceroy of India,/wiki/Viceroy_of_India"Prince William Augustus, Duke of Cumberland","/wiki/Prince_William_Augustus,_Duke_of_Cumberland"Culloden,/wiki/Battle_of_CullodenJane Whorwood,/wiki/Jane_WhorwoodJohn Woodhouse (British Army officer),/wiki/John_Woodhouse_(British_Army_officer)James Wolfe,/wiki/James_WolfeQuebec,/wiki/The_Battle_of_the_Plains_of_AbrahamSeven Years' War,/wiki/Seven_Years%27_Waredit,/w/index.php?title=List_of_English_people&action=edit&section=20List of the monarchs of the Kingdom of England,/wiki/List_of_the_monarchs_of_the_Kingdom_of_EnglandAlfred the Great,/wiki/Alfred_the_GreatQueen Anne,"/wiki/Anne,_Queen_of_Great_Britain"Charles I,/wiki/Charles_I_of_EnglandCharles II,/wiki/Charles_II_of_EnglandCnut,/wiki/CnutSaint Edward the Confessor,/wiki/Edward_the_ConfessorEdward I,/wiki/Edward_I_of_EnglandEdward II,/wiki/Edward_II_of_EnglandEdward III,/wiki/Edward_III_of_EnglandEdward IV,/wiki/Edward_IV_of_EnglandEdward V,/wiki/Edward_V_of_EnglandEdward VI,/wiki/Edward_VI_of_EnglandElizabeth I,/wiki/Elizabeth_I_of_EnglandProtestant,/wiki/ProtestantSupreme Governor of the Church of England,/wiki/Supreme_Governor_of_the_Church_of_EnglandHarold Godwinson,/wiki/Harold_GodwinsonBattle of Hastings,/wiki/Battle_of_HastingsHarold Harefoot,/wiki/Harold_HarefootHarthacnut,/wiki/HarthacnutHenry I,/wiki/Henry_I_of_EnglandHenry III,/wiki/Henry_III_of_EnglandHenry IV,/wiki/Henry_IV_of_EnglandHenry V,/wiki/Henry_V_of_EnglandHenry VI,/wiki/Henry_VI_of_EnglandHenry VII,/wiki/Henry_VII_of_EnglandHenry VIII,/wiki/Henry_VIII_of_EnglandRoman Catholic,/wiki/Roman_CatholicismJames II,/wiki/James_IILady Jane Grey,/wiki/Lady_Jane_GreyKing John,"/wiki/John,_King_of_England"Mary I,/wiki/Mary_I_of_EnglandRoman Catholic,/wiki/Roman_CatholicMary II,/wiki/Mary_II_of_EnglandRichard the Lionheart,/wiki/Richard_I_of_EnglandThird Crusade,/wiki/Third_CrusadeRichard II,/wiki/Richard_IIRichard III,/wiki/Richard_III_of_EnglandPlantagenet,/wiki/PlantagenetWilliam I,/wiki/William_the_ConquerorWilliam II,/wiki/William_II_of_EnglandWilliam III,/wiki/William_III_of_Englandedit,/w/index.php?title=List_of_English_people&action=edit&section=21Stuart Adamson,/wiki/Stuart_AdamsonBig Country,/wiki/Big_CountryAdele,/wiki/AdeleFlorence Welch,/wiki/Florence_WelchFlorence and The Machine,/wiki/Florence_and_The_MachineThomas Ad€—s,/wiki/Thomas_Ad%C3%A8sDamon Albarn,/wiki/Damon_AlbarnGraham Coxon,/wiki/Graham_CoxonBlur,/wiki/Blur_(band)John Alldis,/wiki/John_AlldisLily Allen,/wiki/Lily_AllenTinie Tempah,/wiki/Tinie_TempahDavid Arnold,/wiki/David_ArnoldJames Bond,/wiki/James_BondEd Sheeran,/wiki/Ed_SheeranMalcolm Arnold,/wiki/Malcolm_ArnoldRick Astley,/wiki/Rick_AstleyAlexander Baillie,/wiki/Alexander_BaillieBryan Balkwill,/wiki/Bryan_BalkwillJohn Barbirolli,/wiki/John_BarbirolliGary Barlow,/wiki/Gary_BarlowTake That,/wiki/Take_ThatGeorge Formby,/wiki/George_FormbySyd Barrett,/wiki/Syd_BarrettPink Floyd,/wiki/Pink_FloydVictoria Beckham,/wiki/Victoria_BeckhamDavid Bedford,/wiki/David_BedfordNatasha Bedingfield,/wiki/Natasha_BedingfieldThomas Beecham,/wiki/Thomas_BeechamMatthew Bellamy,/wiki/Matthew_BellamyMuse,/wiki/Muse_(band)Lisa Beznosiuk,/wiki/Lisa_BeznosiukAcker Bilk,/wiki/Acker_BilkRoger Birnstingl,/wiki/Roger_BirnstinglHarrison Birtwistle,/wiki/Harrison_BirtwistleCilla Black,/wiki/Cilla_BlackJames Blunt,/wiki/James_BluntJohn Bonham,/wiki/John_BonhamTim Booth,/wiki/Tim_BoothAdrian Boult,/wiki/Adrian_BoultJames Bourne,/wiki/James_BourneDavid Bowie,/wiki/David_BowieWilliam Boyce,/wiki/William_Boyce_(composer)Billy Bragg,/wiki/Billy_BraggHavergal Brian,/wiki/Havergal_BrianSarah Brightman,/wiki/Sarah_BrightmanBenjamin Britten,/wiki/Benjamin_BrittenJustin Broadrick,/wiki/Justin_BroadrickGodflesh,/wiki/GodfleshJesu,/wiki/Jesu_(band)Kate Bush,/wiki/Kate_BushBilinda Butcher,/wiki/Bilinda_ButcherMy Bloody Valentine,/wiki/My_Bloody_Valentine_(band)William Byrd,/wiki/William_ByrdJustin Chancellor,/wiki/Justin_ChancellorTool,/wiki/Tool_(band)Eric Clapton,/wiki/Eric_ClaptonAdam Clayton,/wiki/Adam_ClaytonU2,/wiki/U2Imogen Cooper,/wiki/Imogen_CooperCheryl Cole,/wiki/Cheryl_ColePhil Collins,/wiki/Phil_CollinsGenesis,/wiki/Genesis_(band)Ian Curtis,/wiki/Ian_CurtisJoy Division,/wiki/Joy_DivisionRoger Daltrey,/wiki/Roger_DaltreyThe Who,/wiki/The_WhoPeter Maxwell Davies,/wiki/Peter_Maxwell_DaviesAndrew Davis,/wiki/Andrew_Davis_(conductor)Colin Davis,/wiki/Colin_DavisNorman Del Mar,/wiki/Norman_Del_MarFrederick Delius,/wiki/Frederick_DeliusDido (Florian Cloud de Bounevialle Armstrong),/wiki/Dido_(singer)Pete Doherty,/wiki/Pete_DohertyThe Libertines,/wiki/The_LibertinesBabyshambles,/wiki/BabyshamblesPeter Donohoe,/wiki/Peter_Donohoe_(pianist)John Dowland,/wiki/John_DowlandJohn Dunstaple,/wiki/John_DunstapleIan Dury,/wiki/Ian_DuryThe Blockheads,/wiki/The_BlockheadsEdward Elgar,/wiki/Edward_ElgarJohn Entwistle,/wiki/John_EntwistleMarianne Faithfull,/wiki/Marianne_FaithfullGerald Finzi,/wiki/Gerald_FinziLita Ford,/wiki/Lita_FordPeter Gabriel,/wiki/Peter_GabrielGenesis (band),/wiki/Genesis_(band)Noel Gallagher,/wiki/Noel_GallagherDebbie Googe,/wiki/Debbie_GoogeMy Bloody Valentine,/wiki/My_Bloody_Valentine_(band)Pete Burns,/wiki/Pete_BurnsDead or Alive,/wiki/Dead_or_Alive_(band)Orlando Gibbons,/wiki/Orlando_GibbonsRon Goodwin,/wiki/Ron_GoodwinEllie Goulding,/wiki/Ellie_GouldingBella Hardy,/wiki/Bella_HardyDhani Harrison,/wiki/Dhani_HarrisonGeorge Harrison,/wiki/George_HarrisonGeorge Harrison,/wiki/George_HarrisonThe Beatles,/wiki/The_BeatlesPJ Harvey,/wiki/PJ_HarveyAnthony Hewitt,/wiki/Anthony_HewittGustav Holst,/wiki/Gustav_HolstDominic Howard,/wiki/Dominic_HowardMuse,/wiki/Muse_(band)Saul Hudson,/wiki/Saul_HudsonGuns N' Roses,/wiki/Guns_N%27_RosesSlash's Snakepit,/wiki/Slash%27s_SnakepitVelvet Revolver,/wiki/Velvet_RevolverJohn Ireland,/wiki/John_Ireland_(composer)Robert Irving,/wiki/Robert_Irving_(conductor)Jessie J,/wiki/Jessie_JMick Jagger,/wiki/Mick_JaggerThe Rolling Stones,/wiki/The_Rolling_StonesElton John,/wiki/Elton_JohnBrian Johnson,/wiki/Brian_JohnsonBrian Jones,/wiki/Brian_JonesThe Rolling Stones,/wiki/The_Rolling_StonesDavy Jones,/wiki/Davy_Jones_(actor)The Monkees,/wiki/The_MonkeesJohn Paul Jones,/wiki/John_Paul_Jones_(musician)Nigel Kennedy,/wiki/Nigel_KennedyThea King,/wiki/Thea_KingAdrian Lambert,/wiki/Adrian_LambertJen Ledger,/wiki/Jen_LedgerSkillet,/wiki/SkilletAlbert Lee,/wiki/Albert_LeeJohn Lennon,/wiki/John_LennonThe Beatles,/wiki/The_BeatlesLeona Lewis,/wiki/Leona_LewisAndrew Lloyd Webber,/wiki/Andrew_Lloyd_WebberCher Lloyd,/wiki/Cher_LloydPixie Lott,/wiki/Pixie_LottChris Lowe,/wiki/Chris_LowePet Shop Boys,/wiki/Pet_Shop_BoysPaul McCartney,/wiki/Paul_McCartneyThe Beatles,/wiki/The_BeatlesChris Martin,/wiki/Chris_MartinColdplay,/wiki/ColdplayKeith Moon,/wiki/Keith_MoonThomas Morley,/wiki/Thomas_MorleyGareth Morris,/wiki/Gareth_MorrisMorrissey,/wiki/MorrisseyThe Smiths,/wiki/The_SmithsOlivia Newton-John,/wiki/Olivia_Newton-JohnZayn Malik,/wiki/Zayn_MalikOne Direction,/wiki/One_DirectionLiam Payne,/wiki/Liam_PayneOne Direction,/wiki/One_DirectionHarry Styles,/wiki/Harry_StylesOne Direction,/wiki/One_DirectionLouis Tomlinson,/wiki/Louis_TomlinsonOne Direction,/wiki/One_DirectionJohn Ogdon,/wiki/John_OgdonMike Oldfield,/wiki/Mike_OldfieldOzzy Osbourne,/wiki/Ozzy_OsbourneBlack Sabbath,/wiki/Black_SabbathOzzy Osbourne,/wiki/Ozzy_Osbourne_BandJimmy Page,/wiki/Jimmy_PageHubert Parry,/wiki/Hubert_ParryPeter Pears,/wiki/Peter_PearsGervase de Peyer,/wiki/Gervase_de_PeyerRobert Plant,/wiki/Robert_PlantLed Zeppelin,/wiki/Led_ZeppelinAnthony Pleeth,/wiki/Anthony_PleethJacqueline du Pr€÷,/wiki/Jacqueline_du_Pr%C3%A9Stephen Preston,/wiki/Stephen_Preston_(flautist)Henry Purcell,/wiki/Henry_PurcellSimon Rattle,/wiki/Simon_RattleMartin Roscoe,/wiki/Martin_RoscoeMalcolm Sargent,/wiki/Malcolm_SargentZak Starkey,/wiki/Zak_StarkeyRingo Starr,/wiki/Ringo_StarrThe Beatles,/wiki/The_BeatlesCrispin Steele-Perkins,/wiki/Crispin_Steele-PerkinsRod Stewart,/wiki/Rod_StewartJoss Stone,/wiki/Joss_StoneJoe Strummer,/wiki/Joe_StrummerThe Clash,/wiki/The_ClashBernard Sumner,/wiki/Bernard_SumnerNew Order,/wiki/New_OrderConnie Talbot,/wiki/Connie_TalbotThomas Tallis,/wiki/Thomas_TallisBenson Taylor,/wiki/Benson_TaylorNeil Tennant,/wiki/Neil_TennantPet Shop Boys,/wiki/Pet_Shop_BoysLionel Tertis,/wiki/Lionel_TertisFrederick Thurston,/wiki/Frederick_ThurstonMichael Tippett,/wiki/Michael_TippettPete Townshend,/wiki/Pete_TownshendRalph Vaughan Williams,/wiki/Ralph_Vaughan_WilliamsRicky Walters,/wiki/Ricky_WaltersSlick Rick,/wiki/Slick_RickWilliam Walton,/wiki/William_WaltonRoger Waters,/wiki/Roger_WatersPink Floyd,/wiki/Pink_FloydThomas Weelkes,/wiki/Thomas_WeelkesJohn Wilbye,/wiki/John_WilbyeSteven Wilson,/wiki/Steven_WilsonPorcupine Tree,/wiki/Porcupine_TreeCliff Williams,/wiki/Cliff_WilliamsRobbie Williams,/wiki/Robbie_WilliamsAmy Winehouse,/wiki/Amy_WinehouseChristopher Wolstenholme,/wiki/Christopher_WolstenholmeMuse,/wiki/Muse_(band)Henry Wood,/wiki/Henry_Wood_(conductor)Marvin Young,/wiki/Marvin_YoungYoung MC,/wiki/Young_MCThom Yorke,/wiki/Thom_YorkeRadiohead,/wiki/RadioheadTony Iommi,/wiki/Tony_IommiBlack Sabbath,/wiki/Black_SabbathJohn Simon Ritchie,/wiki/John_Simon_RitchieSex Pistols,/wiki/Sex_Pistolsedit,/w/index.php?title=List_of_English_people&action=edit&section=22Donald Adamson,/wiki/Donald_AdamsonG. E. M. Anscombe,/wiki/G._E._M._AnscombeAnselm of Canterbury,/wiki/Anselm_of_CanterburyA. J. Ayer,/wiki/A._J._AyerFrancis Bacon,/wiki/Francis_BaconRoger Bacon,/wiki/Roger_BaconJeremy Bentham,/wiki/Jeremy_BenthamR. M. Hare,/wiki/R._M._HareH. L. A. Hart,/wiki/H._L._A._HartThomas Hobbes,/wiki/Thomas_HobbesWilliam Godwin,/wiki/William_GodwinJohn Locke,/wiki/John_LockeJohn Stuart Mill,/wiki/John_Stuart_MillG. E. Moore,/wiki/G._E._MooreHerbert Spencer,/wiki/Herbert_SpencerWilliam of Ockham,/wiki/William_of_OckhamThomas Paine,/wiki/Thomas_PaineDerek Parfit,/wiki/Derek_ParfitGilbert Ryle,/wiki/Gilbert_RyleBertrand Russell,/wiki/Bertrand_RussellHenry Sidgwick,/wiki/Henry_SidgwickPeter Strawson,/wiki/Peter_StrawsonWilliam Whewell,/wiki/William_WhewellAlfred North Whitehead,/wiki/Alfred_North_WhiteheadBernard Williams,/wiki/Bernard_Williamsedit,/w/index.php?title=List_of_English_people&action=edit&section=23David Bailey,/wiki/David_Bailey_(photographer)Emma Barton,/wiki/Emma_Barton_(photographer)Cecil Beaton,/wiki/Cecil_BeatonJohn Blakemore,/wiki/John_BlakemoreSamuel Bourne,/wiki/Samuel_BourneLarry Burrows,/wiki/Larry_BurrowsPhotojournalist,/wiki/PhotojournalistGeorge Davison,/wiki/George_Davison_(photographer)Terence Donovan,/wiki/Terence_Donovan_(photographer)Brian Duffy,/wiki/Brian_Duffy_(photographer)Frederick H. Evans,/wiki/Frederick_H._EvansRoger Fenton,/wiki/Roger_FentonJohn French,/wiki/John_French_(photographer)Francis Frith,/wiki/Francis_FrithPeter Wickens Fry,/wiki/Peter_Wickens_FryBert Hardy,/wiki/Bert_HardyAlfred Horsley Hinton,/wiki/Alfred_Horsley_HintonDon McCullin,/wiki/Don_McCullinEadweard Muybridge,/wiki/Eadweard_MuybridgeHorace Nicholls,/wiki/Horace_NichollsTony Ray-Jones,/wiki/Tony_Ray-JonesHenry Peach Robinson,/wiki/Henry_Peach_RobinsonGeorge Rodger,/wiki/George_RodgerFrancis Meadow Sutcliffe,/wiki/Francis_Meadow_SutcliffeWilliam Henry Fox Talbot,/wiki/William_Henry_Fox_Talbotcalotype,/wiki/Calotypeedit,/w/index.php?title=List_of_English_people&action=edit&section=24H. H. Asquith,/wiki/H._H._AsquithClement Attlee,/wiki/Clement_AttleeStanley Baldwin,/wiki/Stanley_BaldwinErnest Bevin,/wiki/Ernest_BevinTony Benn,/wiki/Tony_BennTony Blair,/wiki/Tony_BlairMargaret Bondfield,/wiki/Margaret_BondfieldJohn Bright,/wiki/John_BrightGeorge Canning,/wiki/George_CanningBarbara Castle,/wiki/Barbara_CastleAusten Chamberlain,/wiki/Austen_ChamberlainJoseph Chamberlain,/wiki/Joseph_ChamberlainNeville Chamberlain,/wiki/Neville_ChamberlainLord Randolph Churchill,/wiki/Lord_Randolph_ChurchillWinston Churchill,/wiki/Winston_ChurchillKenneth Clarke,/wiki/Kenneth_ClarkeStafford Cripps,/wiki/Stafford_Cripps"George Nathaniel Curzon, 1st Marquess Curzon of Kedleston","/wiki/George_Nathaniel_Curzon,_1st_Marquess_Curzon_of_Kedleston"Viceroy of India,/wiki/Viceroy_of_IndiaArchibald Dalzel,/wiki/Archibald_DalzelGovernor,/wiki/GovernorGold Coast,/wiki/Gold_Coast_(British_colony)"William Cavendish, 4th Duke of Devonshire","/wiki/William_Cavendish,_4th_Duke_of_Devonshire""Spencer Compton Cavendish, 8th Duke of Devonshire","/wiki/Spencer_Compton_Cavendish,_8th_Duke_of_Devonshire""Edward Smith-Stanley, 14th Earl of Derby","/wiki/Edward_Smith-Stanley,_14th_Earl_of_Derby""Edward Henry Stanley, 15th Earl of Derby","/wiki/Edward_Henry_Stanley,_15th_Earl_of_Derby"Benjamin Disraeli,/wiki/Benjamin_DisraeliAlec Douglas-Home,/wiki/Alec_Douglas-HomeAnthony Eden,/wiki/Anthony_EdenHugh Gaitskell,/wiki/Hugh_GaitskellWilliam Ewart Gladstone,/wiki/William_Ewart_Gladstone"Augustus Henry Fitzroy, 3rd Duke of Grafton","/wiki/Augustus_Henry_Fitzroy,_3rd_Duke_of_Grafton"Michael Foot,/wiki/Michael_FootHenry Bartle Frere,/wiki/Henry_Bartle_FrereHugh Gaitskell,/wiki/Hugh_Gaitskell"Granville George Leveson-Gower, 2nd Earl Granville","/wiki/Granville_George_Leveson-Gower,_2nd_Earl_Granville"George Grenville,/wiki/George_Grenville"William Wyndham Grenville, 1st Lord Grenville","/wiki/William_Wyndham_Grenville,_1st_Lord_Grenville""Charles Grey, 2nd Earl Grey","/wiki/Charles_Grey,_2nd_Earl_Grey"William Hague,/wiki/William_HagueDenis Healey,/wiki/Denis_HealeyEdward Heath,/wiki/Edward_HeathBoris Johnson,/wiki/Boris_Johnson"John Wodehouse, 1st Earl of Kimberley","/wiki/John_Wodehouse,_1st_Earl_of_Kimberley"George Lansbury,/wiki/George_LansburyNigel Lawson,/wiki/Nigel_LawsonJohn Leland,/wiki/John_Leland_(politician)"Robert Banks Jenkinson, 2nd Earl of Liverpool","/wiki/Robert_Banks_Jenkinson,_2nd_Earl_of_Liverpool"John Lubbock,"/wiki/John_Lubbock,_1st_Baron_Avebury"Harold Macmillan,/wiki/Harold_MacmillanJohn Major,/wiki/John_MajorReginald Maudling,/wiki/Reginald_MaudlingHerbert Morrison,/wiki/Herbert_Morrison"William Lamb, 2nd Viscount Melbourne","/wiki/William_Lamb,_2nd_Viscount_Melbourne""Thomas Pelham-Holles, 1st Duke of Newcastle","/wiki/Thomas_Pelham-Holles,_1st_Duke_of_Newcastle""Frederick North, Lord North","/wiki/Frederick_North,_Lord_North"Robert Peel,/wiki/Robert_Peel"Henry John Temple, 3rd Viscount Palmerston","/wiki/Henry_John_Temple,_3rd_Viscount_Palmerston""Thomas Townshend, 1st Viscount Sydney","/wiki/Thomas_Townshend,_1st_Viscount_Sydney"Henry Pelham,/wiki/Henry_PelhamSpencer Perceval,/wiki/Spencer_Perceval"William Pitt (the Elder), 1st Earl of Chatham","/wiki/William_Pitt,_1st_Earl_of_Chatham"William Pitt the Younger,/wiki/William_Pitt_the_Younger"William Cavendish-Bentinck, 3rd Duke of Portland","/wiki/William_Cavendish-Bentinck,_3rd_Duke_of_Portland"Enoch Powell,/wiki/Enoch_PowellCecil Rhodes,/wiki/Cecil_Rhodes"Frederick John Robinson, 1st Earl of Ripon","/wiki/Frederick_John_Robinson,_1st_Viscount_Goderich""Charles Watson-Wentworth, 2nd Marquess of Rockingham","/wiki/Charles_Watson-Wentworth,_2nd_Marquess_of_Rockingham""John Russell, 1st Earl Russell","/wiki/John_Russell,_1st_Earl_Russell""Michael Hicks-Beach, 1st Earl St Aldwyn","/wiki/Michael_Hicks-Beach,_1st_Earl_St_Aldwyn""Robert Arthur Talbot Gascoyne-Cecil, 3rd Marquess of Salisbury","/wiki/Robert_Arthur_Talbot_Gascoyne-Cecil,_3rd_Marquess_of_Salisbury""Henry Addington, 1st Viscount Sidmouth","/wiki/Henry_Addington,_1st_Viscount_Sidmouth""John Simon, 1st Viscount Simon","/wiki/John_Simon,_1st_Viscount_Simon""Philip Snowden, 1st Viscount Snowden of Ickornshaw","/wiki/Philip_Snowden,_1st_Viscount_Snowden_of_Ickornshaw"Margaret Thatcher,/wiki/Margaret_ThatcherRobert Walpole,/wiki/Robert_WalpoleWilliam Wilberforce,/wiki/William_WilberforceShirley Williams,/wiki/Shirley_WilliamsSDP,/wiki/Social_Democratic_Party_(UK)Henry Willink,/wiki/Henry_Willink"Spencer Compton, 1st Earl of Wilmington","/wiki/Spencer_Compton,_1st_Earl_of_Wilmington"Harold Wilson,/wiki/Harold_Wilsonedit,/w/index.php?title=List_of_English_people&action=edit&section=25Arthur Aikin,/wiki/Arthur_AikinNathan Alcock,/wiki/Nathan_AlcockCharles Babbage,/wiki/Charles_BabbageJoseph Banks,/wiki/Joseph_BanksIsaac Barrow,/wiki/Isaac_BarrowThomas Bayes,/wiki/Thomas_BayesTim Berners-Lee,/wiki/Tim_Berners-LeeWorldWideWeb,/wiki/WorldWideWebPatrick Maynard Stuart Blackett,/wiki/Patrick_Maynard_Stuart_BlackettGeorge Boole,/wiki/George_BooleRobert Boyle,/wiki/Robert_BoyleRichard Bright,/wiki/Richard_Bright_(physician)Bright's Disease,/wiki/Bright%27s_DiseaseHenry Brunner,/wiki/Henry_BrunnerHenry Cavendish,/wiki/Henry_CavendishGeorge Cayley,/wiki/George_Cayleypolymath,/wiki/PolymathFrank Close,/wiki/Frank_CloseBrian Cox,/wiki/Brian_Cox_(physicist)Francis Crick,/wiki/Francis_CrickJohn Dalton,/wiki/John_DaltonCharles Darwin,/wiki/Charles_DarwinEvolution,/wiki/EvolutionRichard Dawkins,/wiki/Richard_DawkinsHenry Deacon,/wiki/Henry_Deacon_(industrialist)Paul Dirac,/wiki/Paul_DiracHorace Donisthorpe,/wiki/Horace_Donisthorpeentomologist,/wiki/Entomologistmyrmecologist,/wiki/Myrmecologistcoleopterist,/wiki/ColeopteristArthur Eddington,/wiki/Arthur_EddingtonMichael Faraday,/wiki/Michael_FaradayRonald Fisher,/wiki/Ronald_FisherRosalind Franklin,/wiki/Rosalind_Franklinchemist,/wiki/Chemistx-ray crystallographer,/wiki/X-ray_crystallographyJ. B. S. Haldane,/wiki/J._B._S._HaldaneJames Hargreaves,/wiki/James_Hargreaves_(chemist)Stephen Hawking,/wiki/Stephen_HawkingOliver Heaviside,/wiki/Oliver_HeavisideJohn Herschel,/wiki/John_HerschelPeter Higgs,/wiki/Peter_HiggsC. A. R. Hoare,/wiki/C._A._R._HoareRobert Hooke,/wiki/Robert_HookeEdward Jenner,/wiki/Edward_JennerR. V. Jones,/wiki/Reginald_Victor_JonesJames Prescott Joule,/wiki/James_Prescott_JouleJoseph Lister,"/wiki/Joseph_Lister,_1st_Baron_Lister"Bernard Lovell,/wiki/Bernard_LovellJames Lovelock,/wiki/James_LovelockMartin Lowry,/wiki/Martin_LowryJohn William Lubbock,/wiki/John_William_LubbockSir Charles Lyell,/wiki/Sir_Charles_LyellJohn Maynard Smith,/wiki/John_Maynard_SmithJohn McClellan,/wiki/John_McClellan_(chemist)Robert Mond,/wiki/Robert_MondDesmond Morris,/wiki/Desmond_MorrisRoger Needham,/wiki/Roger_NeedhamIsaac Newton,/wiki/Isaac_Newtonphysics,/wiki/Physicsalchemists,/wiki/AlchemyWilliam Penney,/wiki/William_PenneyRoger Penrose,/wiki/Roger_PenroseJoseph Prestwich,/wiki/Joseph_PrestwichJoseph Priestley,/wiki/Joseph_PriestleyMartin Rees,/wiki/Martin_ReesAdam Sedgwick,/wiki/Adam_SedgwickJohn Snow,/wiki/John_Snow_(physician)Joseph Wilson Swan,/wiki/Joseph_Wilson_SwanGeorge Paget Thomson,/wiki/George_Paget_ThomsonJ. J. Thomson,/wiki/J._J._ThomsonHenry Tizard,/wiki/Henry_TizardAlan Turing,/wiki/Alan_TuringAlfred Russel Wallace,/wiki/Alfred_Russel_WallaceAlfred North Whitehead,/wiki/Alfred_North_WhiteheadMaurice Vincent Wilkes,/wiki/Maurice_Vincent_WilkesJames H. Wilkinson,/wiki/James_H._WilkinsonWilliam Hyde Wollaston,/wiki/William_Hyde_WollastonThomas Young,/wiki/Thomas_Young_(scientist)edit,/w/index.php?title=List_of_English_people&action=edit&section=26List of Cornish sportsmen and sportswomen,/wiki/List_of_Cornish_sportsmen_and_sportswomenBarney Aaron,/wiki/Barney_Aaronlightweight,/wiki/Lightweight[2],#cite_note-2Harold Abrahams,/wiki/Harold_Abrahams100 metre sprint,/wiki/100_metre_sprintChariots of Fire,/wiki/Chariots_of_FireSidney Abrahams,/wiki/Sidney_Abrahamslong jumper,/wiki/Long_jumperChris Adams,/wiki/Chris_Adams_(wrestler)Neil Adams,/wiki/Neil_Adams_(judoka)Chris Adams,/wiki/Chris_Adams_(wrestler)Tony Adams,/wiki/Tony_Adams_(footballer)Simon Andrews (motorcycle racer),/wiki/Simon_Andrews_(motorcycle_racer)Jo Ankier,/wiki/Jo_Ankiersteeplechase,/wiki/SteeplechaseAlan Ball,"/wiki/Alan_Ball,_Jr."1966 World Cup,/wiki/Football_World_Cup_1966Gordon Banks,/wiki/Gordon_BanksRoger Bannister,/wiki/Roger_BannisterLord Frederick Beauclerk,/wiki/Lord_Frederick_BeauclerkDavid Beckham,/wiki/David_BeckhamWade Barrett,/wiki/Wade_BarrettJack Kid Berg,/wiki/Jack_Kid_Bergjunior welterweight,/wiki/Junior_welterweightRichard Bergmann,/wiki/Richard_BergmannAndrulla Blanchette,/wiki/Andrulla_BlanchetteChris Bonington,/wiki/Chris_BoningtonIan Botham,/wiki/Ian_BothamMark Bott,/wiki/Mark_Bott[3],#cite_note-3Geoffrey Boycott,/wiki/Geoffrey_BoycottEric Bristow,/wiki/Eric_BristowTony Brooks,/wiki/Tony_BrooksPaul Burchill,/wiki/Paul_BurchillJenson Button,/wiki/Jenson_ButtonAngela Buxton,/wiki/Angela_BuxtonFrench,/wiki/French_ChampionshipsAlthea Gibson,/wiki/Althea_GibsonWimbledon,/wiki/Wimbledon_ChampionshipsBobby Charlton,/wiki/Bobby_CharltonJack Charlton,/wiki/Jack_CharltonFrancis Chichester,/wiki/Francis_ChichesterDon Cockell,/wiki/Don_CockellGeorge Cohen,/wiki/George_CohenPaul Collingwood,/wiki/Paul_CollingwoodPeter Collins,/wiki/Peter_Collins_(racing_driver)Henry Cooper,/wiki/Henry_Cooper_(boxer)Lisa Cross,/wiki/Lisa_CrossLawrence Dallaglio,/wiki/Lawrence_DallaglioTom Daley,/wiki/Tom_Daley_(diver)Laura Davies,/wiki/Laura_DaviesSteve Davis,/wiki/Steve_DavisWorld Snooker Champion,/wiki/World_Snooker_ChampionshipMatt Dawson,/wiki/Matt_DawsonJohn Deacon,/wiki/John_Deacon_(motorcyclist)Christopher Dean,/wiki/Christopher_Deanfigure skater,/wiki/Figure_skatingPercy Down,/wiki/Percy_DownJonathan Edwards,/wiki/Jonathan_Edwards_(athlete)triple jump,/wiki/Triple_jumpGodfrey Evans,/wiki/Godfrey_Evanswicket-keeper,/wiki/Wicket-keeperPercy Fender,/wiki/Percy_FenderJames Figg,/wiki/James_Figgbare-knuckle boxing,/wiki/Bare-knuckle_boxingBob Fitzsimmons,/wiki/Bob_FitzsimmonsAndrew Flintoff,/wiki/Andrew_FlintoffC B Fry,/wiki/C_B_FryPaul Gascoigne,/wiki/Paul_GascoigneSteven Gerrard,/wiki/Steven_GerrardGraham Gooch,/wiki/Graham_GoochPete Goss,/wiki/Pete_GossW G Grace,/wiki/W_G_GraceJimmy Greaves,/wiki/Jimmy_GreavesWill Greenwood,/wiki/Will_GreenwoodNaseem Hamed,/wiki/Naseem_HamedLewis Hamilton,/wiki/Lewis_HamiltonRicky Hatton,/wiki/Ricky_HattonMike Hawthorn,/wiki/Mike_HawthornDavid Haye,/wiki/David_HayeJohnny Haynes,/wiki/Johnny_HaynesEmile Heskey,/wiki/Emile_HeskeyDamon Hill,/wiki/Damon_HillGraham Hill,/wiki/Graham_HillJimmy Hill,/wiki/Jimmy_HillJack Hobbs,/wiki/Jack_HobbsGlenn Hoddle,/wiki/Glenn_HoddleLeslie Housden,/wiki/Leslie_HousdenJohn Howell,/wiki/John_Howell_(athlete)James Hunt,/wiki/James_HuntGeoff Hurst,/wiki/Geoff_HurstNasser Hussain,/wiki/Nasser_HussainLen Hutton,/wiki/Len_HuttonE.J. 'John' Jackett,/wiki/John_Jackett_(rugby)Joe Jacobson,/wiki/Joe_JacobsonOldham Athletic,/wiki/Oldham_Athletic_A.F.C.Peter Jaffe,/wiki/Peter_JaffeAllan Jay,/wiki/Allan_JayMartin Johnson,/wiki/Martin_Johnson_(rugby_union)Trish Johnson,/wiki/Trish_JohnsonAmir Khan,/wiki/Amir_Khan_(British_boxer)Frank Lampard,/wiki/Frank_LampardDougie Lampkin,/wiki/Dougie_LampkinMark Lazarus,/wiki/Mark_LazarusJason Leonard,/wiki/Jason_LeonardEdward Lawrence Levy,/wiki/Edward_Lawrence_Levy"Ted ""Kid"" Lewis",/wiki/Ted_%22Kid%22_LewisLennox Lewis,/wiki/Lennox_LewisJosh Lewsey,/wiki/Josh_LewseyGary Lineker,/wiki/Gary_LinekerDar Lyon,/wiki/Dar_LyonEllen MacArthur,/wiki/Ellen_MacArthurGeorge Mallory,/wiki/George_MalloryNigel Mansell,/wiki/Nigel_MansellTerry Marsh,/wiki/Terry_Marsh_(boxer)Darren Matthews,/wiki/Darren_MatthewsStanley Matthews,/wiki/Stanley_MatthewsDaniel Mendoza,/wiki/Daniel_MendozaGordon Miller,/wiki/Gordon_Miller_(athlete)Alan Minter,/wiki/Alan_MinterBobby Moore,/wiki/Bobby_MooreStirling Moss,/wiki/Stirling_MossAlfred Mynn,/wiki/Alfred_MynnAndy Murray,/wiki/Andy_MurrayGary Neville,/wiki/Gary_NevillePhil Neville,/wiki/Phil_NevilleAlison Nicholas,/wiki/Alison_NicholasRonnie O'Sullivan,/wiki/Ronnie_O%27SullivanMichael Owen,/wiki/Michael_OwenRachel Parish,/wiki/Rachel_ParishBob Paisley,/wiki/Bob_PaisleyEuropean Cup,/wiki/UEFA_Champions_LeagueLiverpool F.C.,/wiki/Liverpool_F.C.Michael Park,/wiki/Michael_Park_(co-driver)John Parrott,/wiki/John_ParrottFred Perry,/wiki/Fred_PerryMartin Peters,/wiki/Martin_PetersKevin Pietersen,/wiki/Kevin_PietersenDaniel Prenn,/wiki/Daniel_PrennStephanie Proud,/wiki/Stephanie_ProudSamuel Rabin,/wiki/Samuel_Rabin_(artist)Paula Radcliffe,/wiki/Paula_Radcliffedistance runner,/wiki/Distance_runnerJohn Raphael,/wiki/John_Raphael_(sportsman)Steve Redgrave,/wiki/Steve_RedgraveWilliam Regal,/wiki/William_RegalGordon Richards,/wiki/Gordon_RichardsSir Bobby Robson,/wiki/Sir_Bobby_RobsonWayne Rooney,/wiki/Wayne_RooneyPaul Scholes,/wiki/Paul_ScholesAlan Shearer,/wiki/Alan_ShearerTeddy Sheringham,/wiki/Teddy_SheringhamKelly Simm,/wiki/Kelly_SimmDavey Boy Smith,/wiki/Davey_Boy_SmithNobby Stiles,/wiki/Nobby_StilesAndrew Stoddart,/wiki/Andrew_StoddartKaren Stupples,/wiki/Karen_StupplesLaurie Taitt,/wiki/Laurie_TaittPhil Taylor,/wiki/Phil_Taylor_(darts_player)John Terry,/wiki/John_TerryJoanna Thomas,/wiki/Joanna_ThomasJayne Torvill,/wiki/Jayne_Torvillfigure skater,/wiki/Figure_skatingMarcus Trescothick,/wiki/Marcus_TrescothickFred Trueman,/wiki/Fred_TruemanPhil Tufnell,/wiki/Phil_TufnellRandolph Turpin,/wiki/Randolph_TurpinMichael Vaughan,/wiki/Michael_VaughanVirginia Wade,/wiki/Virginia_WadeFrank Warren,/wiki/Frank_Warren_(promoter)Dan Wheldon,/wiki/Dan_WheldonJimmy White,/wiki/Jimmy_WhiteSir William Wavell Wakefield,"/wiki/Wavell_Wakefield,_1st_Baron_Wakefield_of_Kendal"Jonny Wilkinson,/wiki/Jonny_WilkinsonJustin Wilson,/wiki/Justin_Wilson_(racing_driver)Billy Wright,/wiki/Billy_Wright_(footballer_born_1924)edit,/w/index.php?title=List_of_English_people&action=edit&section=27List of English writers,/wiki/List_of_English_writersedit,/w/index.php?title=List_of_English_people&action=edit&section=28Douglas Adams,/wiki/Douglas_AdamsRachel Ashwell,/wiki/Rachel_AshwellEdward Betts,/wiki/Edward_BettsThomas Brassey,/wiki/Thomas_BrasseyCapability Brown,/wiki/Capability_BrownWilliam Caxton,/wiki/William_CaxtonDonald Campbell,/wiki/Donald_CampbellMalcolm Campbell,/wiki/Malcolm_CampbellSir John Chesshyre,/wiki/Sir_John_ChesshyreGrace Darling,/wiki/Grace_DarlingWilliam Emes,/wiki/William_EmesElizabeth Fry,/wiki/Elizabeth_FryPeter Molyneux,/wiki/Peter_MolyneuxThomas Grissell,/wiki/Thomas_GrissellHilda Hewlett,/wiki/Hilda_HewlettEbenezer Howard,/wiki/Ebenezer_HowardEdward Kemp,/wiki/Edward_KempGideon Lester,/wiki/Gideon_LesterJoshua A. Norton,/wiki/Joshua_A._NortonSamuel Morton Peto,/wiki/Samuel_Morton_PetoWat Tyler,/wiki/Wat_TylerWilliam Wakefield,/wiki/William_WakefieldWellington,"/wiki/Wellington,_New_Zealand"Richard Walker (angler),/wiki/Richard_Walker_(angler)Sarah Elizabeth Wardroper,/wiki/Sarah_Elizabeth_WardroperHarriet Shaw Weaver,/wiki/Harriet_Shaw_WeaverJoseph Williamson,/wiki/Joseph_Williamson_(philanthropist)Philip Yates,/wiki/Philip_YatesEdward Medal,/wiki/Edward_Medaledit,/w/index.php?title=List_of_English_people&action=edit&section=29John Alden,/wiki/John_AldenPilgrims,/wiki/Pilgrim_(Plymouth_Colony)[4],#cite_note-Marquis_1607.E2.80.931896-4George Alsop,/wiki/George_Alsop[4],#cite_note-Marquis_1607.E2.80.931896-4Anthony Aston,/wiki/Anthony_Aston[4],#cite_note-Marquis_1607.E2.80.931896-4Charlie Chaplin,/wiki/Charlie_ChaplinAlistair Cooke,/wiki/Alistair_CookeCary Grant,/wiki/Cary_GrantBob Hope,/wiki/Bob_HopeStephen Hough,/wiki/Stephen_HoughThomas Paine,/wiki/Thomas_Paineedit,/w/index.php?title=List_of_English_people&action=edit&section=30Jump up ^,#cite_ref-1"""Shipman 'killed early in career'""",http://news.bbc.co.uk/2/hi/uk_news/england/manchester/4210581.stmJump up ^,#cite_ref-2"""Barney AaronŸ__Star of the East Shone in London""",http://www.newstime.co.za/rs_articles.asp?catid=3&recid=1211&pcurr=1Jump up ^,#cite_ref-3"""Team GB cricket fail to see the job through""",http://www.the-jc.com/sport/sport-news/team-gb-cricket-fail-see-job-throughJump up to: a,#cite_ref-Marquis_1607.E2.80.931896_4-0b,#cite_ref-Marquis_1607.E2.80.931896_4-1c,#cite_ref-Marquis_1607.E2.80.931896_4-2edit,/w/index.php?title=List_of_English_people&action=edit&section=31List of people by nationality,/wiki/List_of_people_by_nationalityList of Cornish people,/wiki/List_of_Cornish_peopleList of Northern Irish people,/wiki/List_of_Northern_Irish_peopleList of Scots,/wiki/List_of_ScotsList of Welsh people,/wiki/List_of_Welsh_peoplehide,#v,/wiki/Template:England_topicst,/wiki/Template_talk:England_topicse,//en.wikipedia.org/w/index.php?title=Template:England_topics&action=editEngland,/wiki/EnglandHistory,/wiki/History_of_EnglandTimeline,/wiki/Timeline_of_English_historyEducation,/wiki/History_of_education_in_EnglandLocal government,/wiki/History_of_local_government_in_EnglandMaritime,/wiki/Maritime_history_of_EnglandMilitary,/wiki/Military_history_of_EnglandSocial,/wiki/Social_history_of_EnglandPrehistoric,/wiki/Prehistoric_BritainRoman Britain,/wiki/Roman_BritainLloegyr,/wiki/LloegyrAnglo-Saxon England,/wiki/Anglo-Saxon_EnglandHeptarchy,/wiki/HeptarchyKingdom of England,/wiki/Kingdom_of_EnglandNorman conquest,/wiki/Norman_conquest_of_EnglandAngevin Empire,/wiki/Angevin_EmpireWars of the Roses,/wiki/Wars_of_the_RosesTudor period,/wiki/Tudor_periodStuart period,/wiki/Stuart_period_(England)English Renaissance,/wiki/English_RenaissanceEnglish Reformation,/wiki/English_ReformationElizabethan era,/wiki/Elizabethan_eraJacobean era,/wiki/Jacobean_eraCivil War,/wiki/English_Civil_WarUnion with Scotland,/wiki/Acts_of_Union_1707Georgian era,/wiki/Georgian_eraRegency,/wiki/British_RegencyVictorian era,/wiki/Victorian_eraEdwardian period,/wiki/Edwardian_periodThe Blitz,/wiki/The_BlitzGeography,/wiki/Geography_of_EnglandCounties,/wiki/Counties_of_EnglandDistricts,/wiki/Districts_of_EnglandGardens,/wiki/Gardens_in_EnglandIslands,/wiki/List_of_islands_of_EnglandParishes,/wiki/List_of_civil_parishes_in_EnglandPlaces,/wiki/List_of_places_in_EnglandRegions,/wiki/Regions_of_EnglandTowns,/wiki/List_of_towns_in_EnglandPolitics,/wiki/Politics_of_EnglandEconomy,/wiki/Economy_of_EnglandMiddle Ages,/wiki/Economy_of_England_in_the_Middle_AgesElizabethan government,/wiki/Elizabethan_governmentIndependence,/wiki/English_independenceMonarchy,/wiki/List_of_English_monarchsParliament,/wiki/Parliament_of_EnglandCulture,/wiki/Culture_of_EnglandAnglophilia,/wiki/AnglophileCastles,/wiki/List_of_castles_in_EnglandCountry clothing,/wiki/English_Country_ClothingCuisine,/wiki/English_cuisineDemographics,/wiki/Demographics_of_EnglandEducation,/wiki/Education_in_EnglandFolklore,/wiki/English_folkloreEnglish garden,/wiki/English_gardenIdentity,/wiki/English_national_identityInnovations and discoveries,/wiki/English_inventions_and_discoveriesEnglish language in England,/wiki/English_language_in_EnglandMuseums,/wiki/Museums_in_EnglandEnglish people,/wiki/English_peopleReligion,/wiki/Religion_in_EnglandChurch of England,/wiki/Church_of_EnglandSport,/wiki/Sport_in_EnglandCricket,/wiki/Cricket_in_Englandnational team,/wiki/England_cricket_teamFootball,/wiki/Association_Football_in_EnglandThe Football Association,/wiki/The_Football_Associationnational team,/wiki/England_national_football_teamRugby league,/wiki/Rugby_League_in_EnglandRugby Football League,/wiki/Rugby_Football_Leaguenational team,/wiki/England_national_rugby_league_teamRugby union,/wiki/Rugby_union_in_EnglandRugby Football Union,/wiki/Rugby_Football_Unionnational team,/wiki/England_national_rugby_union_teamWimbledon,"/wiki/The_Championships,_Wimbledon"Symbols,/wiki/National_symbols_of_EnglandCoat of arms,/wiki/Royal_Arms_of_EnglandFlags,/wiki/List_of_English_flagsnational flag,/wiki/Flag_of_EnglandHeraldry,/wiki/English_heraldryOak tree,/wiki/OakRoyal Standards,/wiki/Royal_Standards_of_EnglandRoyal Supporters,/wiki/Royal_Supporters_of_EnglandSt. George,/wiki/Saint_GeorgeSt George's Day,/wiki/St_George%27s_Day_in_EnglandTudor Rose,/wiki/Tudor_RoseDavid McLaughlin,/wiki/manual/quantaverseKelly Torrence,/wiki/manual/quantaverse
